<?xml version="1.0" encoding="UTF-8"?>
<project-private xmlns="http://www.netbeans.org/ns/project-private/1">
    <editor-bookmarks xmlns="http://www.netbeans.org/ns/editor-bookmarks/2" lastBookmarkId="0"/>
    <open-files xmlns="http://www.netbeans.org/ns/projectui-open-files/2">
        <group>
            <file>file:/Users/musabeytekin/NetBeansProjects/PcBuilding/src/java/entity/Islemci.java</file>
            <file>file:/Users/musabeytekin/NetBeansProjects/PcBuilding/src/java/entity/Anakart.java</file>
            <file>file:/Users/musabeytekin/NetBeansProjects/PcBuilding/src/java/entity/EkranKarti.java</file>
            <file>file:/Users/musabeytekin/NetBeansProjects/PcBuilding/src/java/entity/Ram.java</file>
            <file>file:/Users/musabeytekin/NetBeansProjects/PcBuilding/src/java/entity/SatinAlma.java</file>
            <file>file:/Users/musabeytekin/NetBeansProjects/PcBuilding/src/java/entity/Monitor.java</file>
            <file>file:/Users/musabeytekin/NetBeansProjects/PcBuilding/src/java/entity/Kullanici.java</file>
            <file>file:/Users/musabeytekin/NetBeansProjects/PcBuilding/src/java/entity/BilgisayarBileseni.java</file>
            <file>file:/Users/musabeytekin/NetBeansProjects/PcBuilding/src/java/entity/Kasa.java</file>
            <file>file:/Users/musabeytekin/NetBeansProjects/PcBuilding/src/java/entity/Klavye.java</file>
            <file>file:/Users/musabeytekin/NetBeansProjects/PcBuilding/src/java/entity/Kampanya.java</file>
            <file>file:/Users/musabeytekin/NetBeansProjects/PcBuilding/src/java/entity/Mause.java</file>
        </group>
    </open-files>
</project-private>
